message number,latency (usec),message size,interval (usec),
0,NULL,4,100000,
1,NULL,4,100000,
2,NULL,4,100000,
3,NULL,4,100000,
4,NULL,4,100000,
5,NULL,4,100000,
6,NULL,4,100000,
7,NULL,4,100000,
8,NULL,4,100000,
9,NULL,4,100000,
10,NULL,4,100000,
11,NULL,4,100000,
12,NULL,4,100000,
13,NULL,4,100000,
14,NULL,4,100000,
15,NULL,4,100000,
16,NULL,4,100000,
17,NULL,4,100000,
18,NULL,4,100000,
19,NULL,4,100000,
20,NULL,4,100000,
21,NULL,4,100000,
22,NULL,4,100000,
23,NULL,4,100000,
24,NULL,4,100000,
25,NULL,4,100000,
26,NULL,4,100000,
27,NULL,4,100000,
28,NULL,4,100000,
29,NULL,4,100000,
30,NULL,4,100000,
31,NULL,4,100000,
32,NULL,4,100000,
33,NULL,4,100000,
34,NULL,4,100000,
35,NULL,4,100000,
36,NULL,4,100000,
37,NULL,4,100000,
38,NULL,4,100000,
39,NULL,4,100000,
40,NULL,4,100000,
41,NULL,4,100000,
42,NULL,4,100000,
43,NULL,4,100000,
44,NULL,4,100000,
45,NULL,4,100000,
46,NULL,4,100000,
47,NULL,4,100000,
48,NULL,4,100000,
49,NULL,4,100000,
50,NULL,4,100000,
51,NULL,4,100000,
52,NULL,4,100000,
53,NULL,4,100000,
54,NULL,4,100000,
55,NULL,4,100000,
56,NULL,4,100000,
57,NULL,4,100000,
58,NULL,4,100000,
59,NULL,4,100000,
60,NULL,4,100000,
61,NULL,4,100000,
62,NULL,4,100000,
63,NULL,4,100000,
64,NULL,4,100000,
65,NULL,4,100000,
66,NULL,4,100000,
67,NULL,4,100000,
68,NULL,4,100000,
69,NULL,4,100000,
70,NULL,4,100000,
71,NULL,4,100000,
72,NULL,4,100000,
73,NULL,4,100000,
74,NULL,4,100000,
75,NULL,4,100000,
76,NULL,4,100000,
77,NULL,4,100000,
78,NULL,4,100000,
79,NULL,4,100000,
80,NULL,4,100000,
81,NULL,4,100000,
82,NULL,4,100000,
83,NULL,4,100000,
84,NULL,4,100000,
85,NULL,4,100000,
86,NULL,4,100000,
87,NULL,4,100000,
88,NULL,4,100000,
89,NULL,4,100000,
90,NULL,4,100000,
91,NULL,4,100000,
92,NULL,4,100000,
93,NULL,4,100000,
94,NULL,4,100000,
95,NULL,4,100000,
96,NULL,4,100000,
97,NULL,4,100000,
98,NULL,4,100000,
99,NULL,4,100000,
100,NULL,4,100000,
101,NULL,4,100000,
102,NULL,4,100000,
103,NULL,4,100000,
104,NULL,4,100000,
105,NULL,4,100000,
106,NULL,4,100000,
107,NULL,4,100000,
108,NULL,4,100000,
109,NULL,4,100000,
110,NULL,4,100000,
111,NULL,4,100000,
112,NULL,4,100000,
113,NULL,4,100000,
114,NULL,4,100000,
115,NULL,4,100000,
116,NULL,4,100000,
117,NULL,4,100000,
118,NULL,4,100000,
119,NULL,4,100000,
120,NULL,4,100000,
121,NULL,4,100000,
122,NULL,4,100000,
123,NULL,4,100000,
124,NULL,4,100000,
125,NULL,4,100000,
126,NULL,4,100000,
127,NULL,4,100000,
128,NULL,4,100000,
129,NULL,4,100000,
130,NULL,4,100000,
131,NULL,4,100000,
132,NULL,4,100000,
133,NULL,4,100000,
134,NULL,4,100000,
135,NULL,4,100000,
136,NULL,4,100000,
137,NULL,4,100000,
138,NULL,4,100000,
139,NULL,4,100000,
140,NULL,4,100000,
141,NULL,4,100000,
142,NULL,4,100000,
143,NULL,4,100000,
144,NULL,4,100000,
145,NULL,4,100000,
146,NULL,4,100000,
147,NULL,4,100000,
148,NULL,4,100000,
149,NULL,4,100000,
150,NULL,4,100000,
151,NULL,4,100000,
152,NULL,4,100000,
153,NULL,4,100000,
154,NULL,4,100000,
155,NULL,4,100000,
156,NULL,4,100000,
157,NULL,4,100000,
158,NULL,4,100000,
159,NULL,4,100000,
160,NULL,4,100000,
161,NULL,4,100000,
162,NULL,4,100000,
163,NULL,4,100000,
164,NULL,4,100000,
165,NULL,4,100000,
166,NULL,4,100000,
167,NULL,4,100000,
168,NULL,4,100000,
169,NULL,4,100000,
170,NULL,4,100000,
171,NULL,4,100000,
172,NULL,4,100000,
173,NULL,4,100000,
174,NULL,4,100000,
175,NULL,4,100000,
176,NULL,4,100000,
177,NULL,4,100000,
178,NULL,4,100000,
179,NULL,4,100000,
180,NULL,4,100000,
181,NULL,4,100000,
182,NULL,4,100000,
183,NULL,4,100000,
184,NULL,4,100000,
185,NULL,4,100000,
186,NULL,4,100000,
187,NULL,4,100000,
188,NULL,4,100000,
189,NULL,4,100000,
190,NULL,4,100000,
191,NULL,4,100000,
192,NULL,4,100000,
193,NULL,4,100000,
194,NULL,4,100000,
195,NULL,4,100000,
196,NULL,4,100000,
197,NULL,4,100000,
198,NULL,4,100000,
199,NULL,4,100000,
